timestamp,roll,pitch,yaw,vel_x(cam),vel_y(cam),vei_z(cam),pos_x(cam),pos_y(cam),pos_z(cam),mag_x(NED),mag_y(NED),mag_z(NED)
1527753151709354761,3.10549,-0.0230141,-2.14613,-0.0187727,0.249907,0.0532173,-0.00423431,0.0583458,0.0124276,-8.8591e-06,1.98308e-05,3.11493e-05
1527753151742718344,3.10548,-0.0229755,-2.1461,-0.01999,0.250095,0.0534822,-0.00501521,0.0683375,0.0145561,-8.8591e-06,1.98308e-05,3.11493e-05
1527753151776023312,3.1055,-0.0229706,-2.1461,-0.0208682,0.250598,0.0534956,-0.00558335,0.0753398,0.0160508,-8.8591e-06,1.98308e-05,3.11493e-05
1527753151809472840,3.10809,-0.0202667,-2.15235,-0.00423202,0.226993,0.0169972,-0.00551689,0.0840333,0.0158167,-8.8591e-06,1.98308e-05,3.11493e-05
1527753151842761123,3.10848,-0.0204838,-2.15234,-0.00225719,0.22433,0.0139448,-0.00562517,0.091256,0.016319,-8.8591e-06,1.98308e-05,3.11493e-05
1527753151876034433,3.10887,-0.0206749,-2.15236,-0.00028293,0.221345,0.0110045,-0.00565962,0.0975004,0.0166716,-8.8591e-06,1.98308e-05,3.11493e-05
1527753151909353344,3.10936,-0.0209418,-2.15238,0.00198431,0.217667,0.00720387,-0.0056308,0.106296,0.0170374,-8.8591e-06,1.98308e-05,3.11493e-05
1527753151942721255,3.10976,-0.0211571,-2.1524,0.00384109,0.214291,0.00375764,-0.00552687,0.114062,0.0172308,-8.8591e-06,1.98308e-05,3.11493e-05
1527753151976022297,3.11246,-0.0588391,-2.17625,-0.00334902,0.0427765,0.000537949,-0.00586217,0.101763,0.0172937,-8.8591e-06,1.98308e-05,3.11493e-05
1527753152009360609,3.11913,-0.0569643,-2.16768,0.0119254,0.0182818,-0.0110787,-0.00531567,0.103661,0.0166085,-8.8591e-06,1.98308e-05,3.11493e-05
1527753152042690268,3.11736,-0.062869,-2.18189,0.00242425,-0.0103995,-0.0111596,-0.0053422,0.103728,0.0164251,-8.8591e-06,1.98308e-05,3.11493e-05
1527753152076054168,3.11136,-0.050364,-2.1644,0.00956295,-0.00618766,-0.0074397,-0.00513227,0.103402,0.0164362,-8.8591e-06,1.98308e-05,3.11493e-05
1527753152109358405,3.10697,-0.0529695,-2.17513,-0.00155892,-0.0186995,-0.000782889,-0.00516452,0.103204,0.0167504,-8.8591e-06,1.98308e-05,3.11493e-05
1527753152142693026,3.09641,-0.0331876,-2.16338,0.00524037,-0.00615067,0.00182488,-0.00514341,0.101609,0.0169482,-8.8591e-06,1.98308e-05,3.11493e-05
1527753152176038615,3.08763,-0.0294141,-2.16501,-0.00370168,-0.0140362,0.00915923,-0.00513234,0.101112,0.0173909,-8.8591e-06,1.98308e-05,3.11493e-05
1527753152209372579,3.08123,-0.0196752,-2.16327,-0.00164896,-0.00713364,0.0103384,-0.00522109,0.100463,0.0177702,-8.8591e-06,1.98308e-05,3.11493e-05
1527753152242689686,3.0757,-0.0133204,-2.16285,-0.00156277,-0.00581804,0.0103168,-0.00527147,0.100107,0.0180995,-8.8591e-06,1.98308e-05,3.11493e-05
1527753152276044740,3.06982,-0.00559325,-2.16287,-0.00126042,-0.00415101,0.00994862,-0.00533864,0.0997009,0.0185193,-8.8591e-06,1.98308e-05,3.11493e-05
1527753152309374178,3.06756,-0.00131184,-2.16365,-0.000489364,-0.00065849,0.00877059,-0.00535356,0.099595,0.0187109,-8.8591e-06,1.98308e-05,3.11493e-05
1527753152342688928,3.06383,0.00321934,-2.16363,0.000776523,-0.000859083,0.00817709,-0.00534773,0.0995188,0.0190175,-8.8591e-06,1.98308e-05,3.11493e-05
1527753152376028581,3.06125,0.00562246,-2.16315,-0.000366281,0.00102767,0.00724709,-0.00534132,0.0995205,0.0193495,-8.8591e-06,1.98308e-05,3.11493e-05
1527753152409353511,3.05929,0.0075225,-2.16296,-0.000425502,0.0010422,0.00494413,-0.00534518,0.0995262,0.0194547,-8.8591e-06,1.98308e-05,3.11493e-05
1527753152442720065,3.05747,0.00947311,-2.16291,6.79698e-05,0.00130218,0.00464802,-0.00535358,0.099581,0.0195854,-8.8591e-06,1.98308e-05,3.11493e-05
1527753152476070107,3.05728,0.00971092,-2.16249,-0.000479292,0.00143859,0.00391986,-0.00537962,0.0997042,0.0197442,-8.8591e-06,1.98308e-05,3.11493e-05
1527753152509354226,3.05734,0.0093391,-2.16196,-0.00131116,0.00181888,0.00100237,-0.00541413,0.0997729,0.0197438,-8.8591e-06,1.98308e-05,3.11493e-05
1527753152542691528,3.05742,0.00951847,-2.16178,-0.000827343,0.000989393,0.000513183,-0.00543982,0.0998173,0.0197753,-8.8591e-06,1.98308e-05,3.11493e-05
1527753152576022500,3.05783,0.00952912,-2.16159,-0.000744091,0.00177304,0.000536626,-0.00547514,0.0999057,0.0198014,-8.8591e-06,1.98308e-05,3.11493e-05
1527753152609354476,3.05908,0.00927496,-2.16185,-0.000728364,0.00247174,-0.000838187,-0.00548353,0.0999671,0.019787,-8.8591e-06,1.98308e-05,3.11493e-05
1527753152642723622,3.0588,0.00929162,-2.16124,-0.00030266,0.00229389,-0.00213268,-0.00550046,0.100028,0.0197309,-8.8591e-06,1.98308e-05,3.11493e-05
1527753152676020381,3.05919,0.0087218,-2.16024,-0.000751136,0.00192076,-0.00178958,-0.00552918,0.100136,0.0196825,-8.8591e-06,1.98308e-05,3.11493e-05
1527753152709383417,3.05972,0.00797939,-2.15954,-0.00123716,0.00149215,-0.00161472,-0.00556007,0.100171,0.0196322,-8.8591e-06,1.98308e-05,3.11493e-05
1527753152742736310,3.06012,0.00794764,-2.15926,-0.00106041,0.0011061,-0.000823066,-0.00558283,0.100194,0.0196288,-8.8591e-06,1.98308e-05,3.11493e-05
1527753152776021437,3.06055,0.00763548,-2.15869,-0.00141675,0.00212365,-0.0019477,-0.00564127,0.10027,0.0195681,-8.8591e-06,1.98308e-05,3.11493e-05
1527753152809360725,3.06139,0.00716431,-2.15832,-0.000968024,0.00213454,-0.00177919,-0.00566064,0.100307,0.0195263,-8.8591e-06,1.98308e-05,3.11493e-05
1527753152842688984,3.06177,0.00667185,-2.15767,-0.00118334,0.000760248,-0.00206504,-0.00568666,0.100328,0.019481,-8.8591e-06,1.98308e-05,3.11493e-05
1527753152876023756,3.06211,0.00655385,-2.15723,-0.000897563,0.00189994,-0.00181639,-0.0057258,0.100393,0.0194201,-8.8591e-06,1.98308e-05,3.11493e-05
1527753152909381506,3.06271,0.00602703,-2.15665,-0.00168119,0.00243183,-0.00274124,-0.0057591,0.100431,0.0193461,-8.8591e-06,1.98308e-05,3.11493e-05
1527753152942691770,3.06322,0.00571403,-2.15609,-0.00191942,0.00199522,-0.00267152,-0.00579949,0.100473,0.0192871,-8.8591e-06,1.98308e-05,3.11493e-05
1527753152976049386,3.06419,0.00521624,-2.15551,-0.00164827,0.00195058,-0.00276846,-0.00584707,0.10051,0.0192168,-8.8591e-06,1.98308e-05,3.11493e-05
1527753153009359576,3.06504,0.00495274,-2.15508,-0.000256546,0.00105429,-0.00186359,-0.0058566,0.100529,0.0192057,-8.8591e-06,1.98308e-05,3.11493e-05
1527753153042689929,3.06526,0.00438548,-2.15423,-0.00129302,0.00207707,-0.00260099,-0.00590171,0.100604,0.0191133,-8.8591e-06,1.98308e-05,3.11493e-05
1527753153076053690,3.06629,0.00365683,-2.15358,-0.0011593,0.00144845,-0.00171364,-0.00592544,0.100618,0.0190899,-8.8591e-06,1.98308e-05,3.11493e-05
1527753153109352910,3.06664,0.00325857,-2.15312,-0.000884911,0.000503542,-0.00226099,-0.0059537,0.100623,0.0190388,-8.8591e-06,1.98308e-05,3.11493e-05
1527753153142705729,3.06791,0.00236631,-2.15146,-0.00199331,0.00120895,-0.00316428,-0.00612906,0.100787,0.0187991,-8.8591e-06,1.98308e-05,3.11493e-05
1527753153209360349,3.06848,0.00213692,-2.15107,-0.00147773,0.000444129,-0.00243368,-0.0061313,0.10076,0.0187809,-8.8591e-06,1.98308e-05,3.11493e-05
1527753153242688403,3.06875,0.00208428,-2.15077,-0.0010612,0.000909588,-0.00188039,-0.00614786,0.100766,0.0187626,-8.8591e-06,1.98308e-05,3.11493e-05
1527753153276047176,3.06943,0.00183003,-2.15009,-0.000385459,0.000969556,-0.00115681,-0.00617144,0.100796,0.018744,-8.8591e-06,1.98308e-05,3.11493e-05
1527753153309388363,3.06957,0.00138724,-2.14985,-0.000870438,0.000238753,-0.00191754,-0.00619924,0.100791,0.0187133,-8.8591e-06,1.98308e-05,3.11493e-05
1527753153342793732,3.07014,0.0012478,-2.14923,-0.000590284,0.000806978,-0.001491,-0.00623466,0.100824,0.018673,-8.8591e-06,1.98308e-05,3.11493e-05
1527753153376071729,3.07076,0.000800302,-2.14856,-0.000968391,-0.000114721,-0.00106012,-0.00624522,0.100789,0.0186348,-8.8591e-06,1.98308e-05,3.11493e-05
1527753153409362978,3.07114,0.000526862,-2.14814,-0.000712512,-0.000597684,-0.00143679,-0.00626514,0.100756,0.0186021,-8.8591e-06,1.98308e-05,3.11493e-05
1527753153442690765,3.07154,0.000371406,-2.1477,4.48505e-05,2.30673e-05,-0.00146236,-0.00626831,0.100739,0.018566,-8.8591e-06,1.98308e-05,3.11493e-05
1527753153476108711,3.07182,-4.4493e-05,-2.14732,-0.000918629,-0.000291642,-0.00121571,-0.00627722,0.100704,0.0185273,-8.8591e-06,1.98308e-05,3.11493e-05
1527753153509449701,3.07183,0.000100723,-2.14702,-0.000128554,0.000113286,-0.00105172,-0.00629236,0.100716,0.0185207,-8.8591e-06,1.98308e-05,3.11493e-05
1527753153542688860,3.07214,-0.000147033,-2.14656,-0.000430286,0.000299515,-0.000780851,-0.00631735,0.100734,0.0185036,-8.8591e-06,1.98308e-05,3.11493e-05
1527753153576037024,3.07262,-0.000389887,-2.14593,-0.000607259,0.000312964,-0.000635274,-0.00632869,0.100726,0.018491,-8.8591e-06,1.98308e-05,3.11493e-05
1527753153609360917,3.07288,-0.000571566,-2.14558,-0.000285259,-0.000594258,-0.00132058,-0.00633871,0.10071,0.0184499,-8.8591e-06,1.98308e-05,3.11493e-05
1527753153642690321,3.07346,-0.000963086,-2.14491,-0.00160114,0.00100252,-0.00154799,-0.00635449,0.100681,0.0184027,-8.8591e-06,1.98308e-05,3.11493e-05
1527753153676053706,3.0737,-0.0010832,-2.1445,-0.00134623,3.7058e-05,-0.00133039,-0.00639334,0.100665,0.0183778,-8.8591e-06,1.98308e-05,3.11493e-05
1527753153709355319,3.07396,-0.00112858,-2.14407,-0.00053735,0.000154825,-0.00156692,-0.00641476,0.100669,0.0183391,-8.8591e-06,1.98308e-05,3.11493e-05
1527753153742693158,3.07427,-0.00142789,-2.14389,-9.58761e-05,-0.000318768,-0.000878163,-0.00642499,0.100651,0.0183212,-8.8591e-06,1.98308e-05,3.11493e-05
1527753153776025989,3.07431,-0.00161748,-2.14388,-0.000721916,-9.17559e-05,-0.00133572,-0.0064456,0.100632,0.0182596,-8.8591e-06,1.98308e-05,3.11493e-05
1527753153809359617,3.07442,-0.00163853,-2.14354,-0.000275334,0.000240183,-0.00203343,-0.00645691,0.100637,0.0182206,-8.8591e-06,1.98308e-05,3.11493e-05
1527753153842690032,3.07519,-0.0020628,-2.14267,-0.000367783,0.000220993,-0.000934948,-0.00644631,0.10061,0.0181889,-8.8591e-06,1.98308e-05,3.11493e-05
1527753153876022237,3.07542,-0.00221415,-2.14233,-1.82782e-05,-0.000566807,-0.000265832,-0.00643472,0.100568,0.0181959,-8.8591e-06,1.98308e-05,3.11493e-05
1527753153909360717,3.07544,-0.00231393,-2.14282,-0.000420884,-0.00103395,-0.00119145,-0.006457,0.100541,0.0181426,-8.8591e-06,1.98308e-05,3.11493e-05
1527753153942688416,3.0758,-0.00237773,-2.14186,0.000225664,-3.05553e-05,-0.000461485,-0.00644126,0.100521,0.0181477,-8.8591e-06,1.98308e-05,3.11493e-05
1527753153976023366,3.07599,-0.00260858,-2.14201,-0.00103257,-0.000264659,-0.00100627,-0.00646053,0.100491,0.0181259,-8.8591e-06,1.98308e-05,3.11493e-05
1527753154009385472,3.07609,-0.00259731,-2.14102,-8.28866e-05,-0.000270397,-0.000862077,-0.0064674,0.100496,0.0181101,-8.8591e-06,1.98308e-05,3.11493e-05
1527753154042762778,3.07658,-0.00296878,-2.14036,-0.000685327,0.000787114,-0.000238575,-0.00646993,0.100464,0.0181061,-8.8591e-06,1.98308e-05,3.11493e-05
1527753154076036479,3.07658,-0.00308868,-2.14072,-0.000152702,-0.00139276,-0.00123296,-0.00648998,0.100451,0.0180595,-8.8591e-06,1.98308e-05,3.11493e-05
1527753154109356078,3.07669,-0.00303268,-2.14012,0.00027829,-0.000928385,-0.00066624,-0.00648981,0.100425,0.018057,-8.8591e-06,1.98308e-05,3.11493e-05
1527753154142720372,3.07671,-0.00317481,-2.14028,-0.000502449,-0.000469519,-0.00100062,-0.00651441,0.100422,0.0180392,-8.8591e-06,1.98308e-05,3.11493e-05
1527753154176032269,3.07682,-0.00318286,-2.13957,0.000415751,-0.000993616,-0.00159976,-0.00651339,0.100409,0.0179866,-8.8591e-06,1.98308e-05,3.11493e-05
1527753154209361231,3.07683,-0.00326889,-2.13961,0.000101557,-0.000440188,-0.000984469,-0.00652485,0.100409,0.0179917,-8.8591e-06,1.98308e-05,3.11493e-05
1527753154242692448,3.07684,-0.00331253,-2.1395,0.000221608,-0.000977783,-0.000646755,-0.00652904,0.100396,0.0179816,-8.8591e-06,1.98308e-05,3.11493e-05
1527753154276059781,3.0771,-0.00343131,-2.13883,0.0011043,-0.00186011,9.2019e-05,-0.00650536,0.100355,0.0179873,-8.8591e-06,1.98308e-05,3.11493e-05
1527753154309390498,3.07699,-0.00354836,-2.13926,-0.000216564,-0.00168619,-0.000263477,-0.0065077,0.100307,0.0179816,-8.8591e-06,1.98308e-05,3.11493e-05
1527753154342690777,3.07685,-0.00342137,-2.13919,-0.000824938,0.000362554,-0.000586271,-0.00652806,0.100317,0.0179572,-8.8591e-06,1.98308e-05,3.11493e-05
1527753154376025537,3.077,-0.00342939,-2.13836,0.000749941,-0.00109198,-0.000203567,-0.00653963,0.100343,0.0179623,-8.8591e-06,1.98308e-05,3.11493e-05
1527753154409361722,3.07689,-0.00358674,-2.13989,-0.000271422,-0.00140441,-0.000813828,-0.00656204,0.10031,0.0179257,-8.8591e-06,1.98308e-05,3.11493e-05
1527753154442694787,3.07683,-0.00314179,-2.13869,0.00146832,-0.000485938,-0.000127501,-0.00654116,0.10034,0.0179392,-8.8591e-06,1.98308e-05,3.11493e-05
1527753154475998819,3.07677,-0.0033924,-2.14015,0.000636825,-0.00210665,0.000120433,-0.00652097,0.100301,0.0179498,-8.8591e-06,1.98308e-05,3.11493e-05
1527753154509373480,3.0765,-0.00316061,-2.13916,0.00159803,-0.000583474,0.000862443,-0.00645535,0.100203,0.0179983,-8.8591e-06,1.98308e-05,3.11493e-05
1527753154591278569,3.07646,-0.00329805,-2.13952,0.000640273,-0.000458566,0.00025415,-0.00647314,0.100199,0.0180031,-8.8591e-06,1.98308e-05,3.11493e-05
1527753154614171032,3.07635,-0.00325158,-2.13973,0.000735136,-0.000240206,-0.000549785,-0.00647722,0.100225,0.0179745,-8.8591e-06,1.98308e-05,3.11493e-05
1527753154642715764,3.07646,-0.00322392,-2.13907,0.000796657,0.000389908,0.000154552,-0.00645322,0.10023,0.0180042,-8.8591e-06,1.98308e-05,3.11493e-05
1527753154676052370,3.07626,-0.00335951,-2.13992,0.000314922,-0.000714687,-0.000394928,-0.00645805,0.100233,0.0179897,-8.8591e-06,1.98308e-05,3.11493e-05
1527753154709353290,3.07618,-0.00319104,-2.13933,0.00104095,0.000107613,-0.00011711,-0.0064471,0.100256,0.0179907,-8.8591e-06,1.98308e-05,3.11493e-05
1527753154742688995,3.07618,-0.00348245,-2.13998,-0.000219158,-0.00142468,-9.80778e-05,-0.0064423,0.100242,0.0179915,-8.8591e-06,1.98308e-05,3.11493e-05
1527753154776021946,3.07629,-0.0032302,-2.13837,0.000832402,4.82538e-05,0.000644044,-0.00642215,0.100243,0.0180298,-8.8591e-06,1.98308e-05,3.11493e-05
1527753154809350227,3.07604,-0.00336298,-2.14028,-0.000419056,-0.0016625,-4.46355e-06,-0.00644488,0.100228,0.0180042,-8.8591e-06,1.98308e-05,3.11493e-05
1527753154842688690,3.07621,-0.00302176,-2.13808,0.00178818,-0.000991891,0.000697925,-0.00640686,0.100206,0.0180359,-8.8591e-06,1.98308e-05,3.11493e-05
1527753154876048165,3.07592,-0.0032631,-2.14001,-0.000494934,-0.0021612,0.000734341,-0.00642201,0.100166,0.0180622,-8.8591e-06,1.98308e-05,3.11493e-05
1527753154909417310,3.07574,-0.00292299,-2.1391,0.000552579,0.00029292,0.000168434,-0.00641379,0.100185,0.0180552,-8.8591e-06,1.98308e-05,3.11493e-05
1527753154942715739,3.07566,-0.00324806,-2.13997,0.000676073,-0.00337879,-0.000172813,-0.00628249,0.0999703,0.0180653,-8.8591e-06,1.98308e-05,3.11493e-05
1527753155029377072,3.07542,-0.00295967,-2.13961,0.000364318,-0.00104177,-0.00046688,-0.00627675,0.10003,0.018068,-8.8591e-06,1.98308e-05,3.11493e-05
1527753155042692548,3.07546,-0.00293569,-2.13811,0.00113567,-0.0018884,0.00195634,-0.00625834,0.100031,0.0182133,-8.8591e-06,1.98308e-05,3.11493e-05
1527753155076022453,3.07534,-0.00303873,-2.13911,0.000210205,-0.00226371,0.00104846,-0.00628014,0.100001,0.0182249,-8.8591e-06,1.98308e-05,3.11493e-05
1527753155109356620,3.07521,-0.00283934,-2.13935,0.000308909,-0.0006669,-0.000163103,-0.00626943,0.0999845,0.0182007,-8.8591e-06,1.98308e-05,3.11493e-05
1527753155142688094,3.07507,-0.00273242,-2.13862,0.00111054,-0.00137316,0.000323384,-0.00625877,0.0999832,0.0182274,-8.8591e-06,1.98308e-05,3.11493e-05
1527753155176096312,3.07484,-0.00274799,-2.13995,0.00046534,-0.00171786,-0.000446534,-0.00624503,0.0999503,0.018205,-8.8591e-06,1.98308e-05,3.11493e-05
1527753155209365238,3.07486,-0.00261022,-2.13837,0.00156945,-0.000784667,0.000250811,-0.00621555,0.0999521,0.0182277,-8.8591e-06,1.98308e-05,3.11493e-05
1527753155242728937,3.07458,-0.00276259,-2.14016,-0.000792222,-0.00123554,0.000371061,-0.0062291,0.0999284,0.0182278,-8.8591e-06,1.98308e-05,3.11493e-05
1527753155276024879,3.07457,-0.00251218,-2.13858,0.00136371,7.43807e-05,0.00073201,-0.00620393,0.0999484,0.0182544,-8.8591e-06,1.98308e-05,3.11493e-05
1527753155309381145,3.07452,-0.00263767,-2.13936,6.65006e-05,-0.000989506,0.000520907,-0.00621426,0.0999366,0.018261,-8.8591e-06,1.98308e-05,3.11493e-05
1527753155342700084,3.07442,-0.00249532,-2.13923,0.000382951,-0.000214042,5.51323e-05,-0.00621021,0.0999424,0.0182598,-8.8591e-06,1.98308e-05,3.11493e-05
1527753155376027656,3.07438,-0.00254299,-2.13995,-0.000836043,-0.000267723,-2.01783e-05,-0.00622749,0.0999409,0.0182417,-8.8591e-06,1.98308e-05,3.11493e-05
1527753155409354907,3.07445,-0.00250922,-2.13873,0.000548895,-0.00156882,-3.38754e-06,-0.00622124,0.0999238,0.0182457,-8.8591e-06,1.98308e-05,3.11493e-05
1527753155442688146,3.07448,-0.00251905,-2.13865,4.88885e-05,-0.00210675,0.000117412,-0.00621608,0.0998715,0.0182472,-8.8591e-06,1.98308e-05,3.11493e-05
1527753155476042341,3.07413,-0.00236336,-2.13847,-0.000174592,-0.00120618,0.000208488,-0.00622665,0.0997201,0.0182562,-8.8591e-06,1.98308e-05,3.11493e-05
1527753155528147482,3.07405,-0.00229478,-2.13823,-0.000165199,-0.000528981,0.000452803,-0.006229,0.099745,0.018259,-8.8591e-06,1.98308e-05,3.11493e-05
1527753155551593383,3.07414,-0.0023093,-2.13739,0.000684788,-0.00118048,0.000664455,-0.00620188,0.0997144,0.0182837,-8.8591e-06,1.98308e-05,3.11493e-05
1527753155576024063,3.07405,-0.00229341,-2.13766,0.000401603,-0.00164674,0.000717098,-0.00621908,0.0997207,0.0182941,-8.8591e-06,1.98308e-05,3.11493e-05
1527753155609355706,3.07393,-0.00222152,-2.13806,0.000482623,-0.00147215,0.000425713,-0.0062241,0.099716,0.0182918,-8.8591e-06,1.98308e-05,3.11493e-05
1527753155642693057,3.07386,-0.00213698,-2.13759,0.000298504,-0.000390394,9.2829e-05,-0.0062164,0.0996962,0.018306,-8.8591e-06,1.98308e-05,3.11493e-05
1527753155676024538,3.0737,-0.0021409,-2.1379,0.000489287,-0.0013209,-3.75814e-05,-0.00621481,0.0996838,0.0183053,-8.8591e-06,1.98308e-05,3.11493e-05
1527753155709464869,3.07368,-0.00209584,-2.13715,0.000979058,-0.00167175,0.00048543,-0.00618662,0.0996456,0.0183183,-8.8591e-06,1.98308e-05,3.11493e-05
1527753155742690788,3.07356,-0.00209776,-2.13759,4.3967e-05,-0.00149939,0.000518203,-0.00618132,0.0996046,0.0183325,-8.8591e-06,1.98308e-05,3.11493e-05
1527753155776051420,3.07343,-0.00192095,-2.13823,0.000669738,-0.000774021,-0.000845814,-0.0061607,0.0995707,0.0182879,-8.8591e-06,1.98308e-05,3.11493e-05
1527753155809353795,3.07322,-0.00175487,-2.13699,0.00131369,-0.000921829,7.65754e-05,-0.00613817,0.0995844,0.0183035,-8.8591e-06,1.98308e-05,3.11493e-05
1527753155842689093,3.07309,-0.00192558,-2.13785,-0.000571863,-0.00131285,0.000644589,-0.00614587,0.0995368,0.0183187,-8.8591e-06,1.98308e-05,3.11493e-05
1527753155876023473,3.07303,-0.00170755,-2.13716,0.000836537,-0.00104662,0.000260068,-0.00612122,0.0994977,0.0183225,-8.8591e-06,1.98308e-05,3.11493e-05
1527753155909371229,3.0728,-0.00165255,-2.13745,6.18276e-05,-0.00149333,0.00021343,-0.00613026,0.0994879,0.018342,-8.8591e-06,1.98308e-05,3.11493e-05
1527753155942791894,3.07259,-0.00149076,-2.13832,-6.56183e-05,-0.000997205,-0.000713734,-0.00614676,0.0994702,0.0183114,-8.8591e-06,1.98308e-05,3.11493e-05
1527753155976084522,3.07252,-0.0012879,-2.13689,0.000641423,0.000669544,-0.000295806,-0.00612122,0.0994948,0.0183042,-8.8591e-06,1.98308e-05,3.11493e-05
1527753156009359387,3.07248,-0.00128425,-2.13881,-2.50318e-05,-0.000993137,-0.000439868,-0.00615261,0.0994967,0.018306,-8.8591e-06,1.98308e-05,3.11493e-05
1527753156042693119,3.07244,-0.00125508,-2.13481,0.0013333,0.000419823,0.000347433,-0.00610445,0.0995151,0.0183456,-8.8591e-06,1.98308e-05,3.11493e-05
1527753156076025387,3.07256,-0.00123459,-2.1401,-0.000460134,-0.00320357,0.000484167,-0.00614603,0.0994512,0.0183685,-8.8591e-06,1.98308e-05,3.11493e-05
1527753156109369904,3.07225,-0.00108359,-2.1362,0.00210048,0.000726762,-0.000662471,-0.00610017,0.0994831,0.0183478,-8.8591e-06,1.98308e-05,3.11493e-05
1527753156142693590,3.07219,-0.00132412,-2.13818,-0.000710734,-0.00166996,0.000486817,-0.00612174,0.0994292,0.0183757,-8.8591e-06,1.98308e-05,3.11493e-05
1527753156176050582,3.07202,-0.00124716,-2.13508,0.0007763,-0.00053164,0.000696486,-0.00611324,0.0994654,0.0183957,-8.8591e-06,1.98308e-05,3.11493e-05
1527753156209360603,3.07201,-0.00128575,-2.13833,-0.000694837,-0.00294948,0.000451649,-0.00614421,0.0993894,0.0184149,-8.8591e-06,1.98308e-05,3.11493e-05
1527753156242688877,3.07172,-0.000980225,-2.13462,0.00134359,0.000586657,-0.000451483,-0.00611178,0.0994622,0.0183958,-8.8591e-06,1.98308e-05,3.11493e-05
1527753156276077958,3.0718,-0.00116799,-2.13685,-0.000803291,-0.00328034,4.40482e-05,-0.00613944,0.0993827,0.0184048,-8.8591e-06,1.98308e-05,3.11493e-05
1527753156309358015,3.07173,-0.000794979,-2.13794,0.000605913,-0.000992307,-2.34334e-07,-0.00612527,0.0994185,0.0184009,-8.8591e-06,1.98308e-05,3.11493e-05
1527753156342688278,3.07153,-0.000659116,-2.13776,0.000787806,9.11916e-05,-8.83837e-05,-0.00612021,0.0994496,0.0183914,-8.8591e-06,1.98308e-05,3.11493e-05
1527753156376022608,3.07149,-0.000687607,-2.13788,-0.000142072,0.000180323,0.000282041,-0.00613596,0.0994628,0.0184022,-8.8591e-06,1.98308e-05,3.11493e-05
1527753156409356368,3.07138,-0.000661474,-2.13651,0.000874933,2.56044e-05,-0.000151796,-0.00611652,0.0994861,0.0184062,-8.8591e-06,1.98308e-05,3.11493e-05
1527753156442688206,3.07134,-0.000700185,-2.13777,-0.000944063,-0.000376776,1.79339e-05,-0.00613562,0.0994526,0.0184026,-8.8591e-06,1.98308e-05,3.11493e-05
1527753156476022887,3.07115,-0.000693074,-2.13412,0.00132782,-0.000587915,0.000764549,-0.00610644,0.0994606,0.0184343,-8.8591e-06,1.98308e-05,3.11493e-05
1527753156509354211,3.07114,-0.000965109,-2.13664,-0.00111616,-0.00288894,0.000763467,-0.00615373,0.0993545,0.0184525,-8.8591e-06,1.98308e-05,3.11493e-05
1527753156542689558,3.07101,-0.000539903,-2.13672,0.000856025,-0.00139152,-0.000323852,-0.00613366,0.0993588,0.0184183,-8.8591e-06,1.98308e-05,3.11493e-05
1527753156576022659,3.07095,-0.000451669,-2.13644,0.00018472,-0.000432225,0.000105331,-0.00611755,0.0993415,0.0184223,-8.8591e-06,1.98308e-05,3.11493e-05
1527753156609409183,3.07085,-0.000440609,-2.13565,-0.000323198,-0.000739121,0.000156675,-0.00611743,0.0993084,0.0184377,-8.8591e-06,1.98308e-05,3.11493e-05
1527753156642687523,3.07077,-0.000510862,-2.13428,-0.000519321,-0.00164754,0.00110856,-0.00613558,0.0992674,0.0184807,-8.8591e-06,1.98308e-05,3.11493e-05
1527753156676055826,3.07071,-0.000434948,-2.13513,-0.000696165,-0.00142872,0.000511082,-0.00616672,0.0992272,0.0184973,-8.8591e-06,1.98308e-05,3.11493e-05
1527753156709385884,3.07058,-0.0001243,-2.13693,-0.000648597,0.00123333,-0.000610723,-0.00617874,0.0992632,0.0184665,-8.8591e-06,1.98308e-05,3.11493e-05
1527753156742689297,3.07058,7.95983e-05,-2.13671,0.000674699,0.000747745,-0.00029164,-0.00616312,0.0993108,0.0184618,-8.8591e-06,1.98308e-05,3.11493e-05
1527753156776055638,3.07069,-0.000104196,-2.13465,0.000745125,-0.000723973,0.000400636,-0.00613685,0.0993104,0.0184834,-8.8591e-06,1.98308e-05,3.11493e-05
1527753156809356674,3.07061,-0.000243714,-2.13471,-0.000852624,-0.00127062,0.000730081,-0.00615449,0.099268,0.0184991,-8.8591e-06,1.98308e-05,3.11493e-05
1527753156842688755,3.07051,-0.000115434,-2.13527,-0.000364094,-0.00132199,0.000767431,-0.00616977,0.0992486,0.0185087,-8.8591e-06,1.98308e-05,3.11493e-05
1527753156876022803,3.07056,9.94653e-07,-2.13584,0.000615231,-0.00130317,0.000669475,-0.00616272,0.0992106,0.0185259,-8.8591e-06,1.98308e-05,3.11493e-05
1527753156909358792,3.07046,0.000159064,-2.13716,0.000473264,4.27166e-05,0.000378392,-0.00615776,0.09923,0.0185113,-8.8591e-06,1.98308e-05,3.11493e-05
1527753156942696403,3.07038,0.00031659,-2.13717,0.00051638,0.000973706,0.00113132,-0.00614317,0.0992775,0.0185458,-8.8591e-06,1.98308e-05,3.11493e-05
1527753156976049904,3.07031,0.000321394,-2.13745,0.000622152,0.000478727,0.000999594,-0.00614021,0.0993341,0.0185811,-8.8591e-06,1.98308e-05,3.11493e-05
1527753157009448966,3.07037,0.000247814,-2.13852,0.00062384,-6.03987e-05,0.000370616,-0.00611832,0.0993244,0.0185784,-8.8591e-06,1.98308e-05,3.11493e-05
1527753157042724071,3.0702,0.000367442,-2.1386,0.00110657,-1.45757e-05,0.000404605,-0.00609975,0.0993465,0.0185823,-8.8591e-06,1.98308e-05,3.11493e-05
1527753157076021477,3.07018,0.000372514,-2.13873,0.000448191,0.000377342,0.000312055,-0.00607487,0.0993548,0.0185919,-8.8591e-06,1.98308e-05,3.11493e-05
1527753157109363291,3.0701,0.000400541,-2.13907,0.000916382,-4.63513e-05,-2.6431e-05,-0.00606488,0.0993688,0.0185887,-8.8591e-06,1.98308e-05,3.11493e-05
1527753157142690700,3.06986,0.000454396,-2.13951,1.38872e-07,0.00122827,-3.333e-05,-0.00606503,0.0994198,0.0185782,-8.8591e-06,1.98308e-05,3.11493e-05
1527753157176021601,3.07,0.000414537,-2.13872,0.000687451,0.00083242,0.000420672,-0.00604271,0.0994344,0.0185977,-8.8591e-06,1.98308e-05,3.11493e-05
1527753157209355978,3.06987,0.000343576,-2.13859,0.000338724,-0.000544888,0.000754978,-0.00604202,0.0994357,0.0186113,-8.8591e-06,1.98308e-05,3.11493e-05
1527753157242689394,3.06983,0.000360003,-2.13912,-0.000113205,-0.000756361,0.000781517,-0.00605441,0.0994296,0.0186273,-8.8591e-06,1.98308e-05,3.11493e-05
1527753157276028190,3.06988,0.000391023,-2.14034,0.00073229,-0.000421365,0.000114902,-0.00603832,0.099408,0.01862,-8.8591e-06,1.98308e-05,3.11493e-05
1527753157309354734,3.06976,0.000563499,-2.13955,0.00132744,0.000264982,0.000391088,-0.00600453,0.0994359,0.0186366,-8.8591e-06,1.98308e-05,3.11493e-05
1527753157342797632,3.06968,0.000446904,-2.14011,0.000176555,-0.00129713,0.000356643,-0.00600318,0.0994194,0.0186428,-8.8591e-06,1.98308e-05,3.11493e-05
1527753157376052716,3.06932,0.000680193,-2.13989,2.15077e-05,0.000461379,0.0006624,-0.00600516,0.099447,0.0187016,-8.8591e-06,1.98308e-05,3.11493e-05
1527753157460204643,3.0693,0.000702659,-2.14055,-9.92463e-05,2.53455e-05,0.000505739,-0.00601319,0.0994617,0.018695,-8.8591e-06,1.98308e-05,3.11493e-05
1527753157476155250,3.06925,0.000812417,-2.1428,-0.000364303,0.00151405,-0.000947724,-0.00600306,0.0995141,0.0186192,-8.8591e-06,1.98308e-05,3.11493e-05
1527753157509356435,3.06925,0.000819264,-2.14118,0.00123145,0.00136524,-0.000806427,-0.0059531,0.0995564,0.0186161,-8.8591e-06,1.98308e-05,3.11493e-05
1527753157542689371,3.06926,0.000586309,-2.13917,-0.000552148,-7.07132e-05,0.000314132,-0.00595756,0.0995399,0.0186346,-8.8591e-06,1.98308e-05,3.11493e-05
1527753157576056023,3.06917,0.000540983,-2.14118,-0.0013928,-0.00142541,-0.000476456,-0.00600725,0.0995124,0.0186043,-8.8591e-06,1.98308e-05,3.11493e-05
1527753157609355478,3.06908,0.000666913,-2.13814,0.000665162,0.000988986,0.000219833,-0.00600414,0.0995638,0.0185995,-8.8591e-06,1.98308e-05,3.11493e-05
1527753157642720285,3.06923,0.000517383,-2.13797,-0.00111377,-0.00175109,0.000892241,-0.00602532,0.0994815,0.0186301,-8.8591e-06,1.98308e-05,3.11493e-05
1527753157676022271,3.06909,0.000644557,-2.1403,-0.00112589,5.36663e-05,-0.00014672,-0.00606297,0.0994467,0.0186034,-8.8591e-06,1.98308e-05,3.11493e-05
1527753157709383673,3.06907,0.000843072,-2.13909,0.00111759,0.000766443,0.00066365,-0.00603629,0.0994963,0.0186285,-8.8591e-06,1.98308e-05,3.11493e-05
1527753157742703952,3.06907,0.000674795,-2.13839,-0.000225091,-0.000794483,0.000889793,-0.00604501,0.0994747,0.0186516,-8.8591e-06,1.98308e-05,3.11493e-05
1527753157776028477,3.06903,0.000714181,-2.14023,-0.000868824,-0.000774393,0.0002448,-0.0060812,0.0994816,0.0186558,-8.8591e-06,1.98308e-05,3.11493e-05
1527753157809389448,3.06915,0.000957325,-2.14074,0.00134273,0.000496827,0.000606744,-0.00605986,0.099509,0.0186722,-8.8591e-06,1.98308e-05,3.11493e-05
1527753157842689412,3.06908,0.00087562,-2.13999,0.000560003,0.000845883,0.000543398,-0.00604309,0.0995199,0.0187033,-8.8591e-06,1.98308e-05,3.11493e-05
1527753157876053710,3.06896,0.000830859,-2.14093,-0.000156544,0.000150495,0.000251543,-0.00606054,0.0995352,0.018701,-8.8591e-06,1.98308e-05,3.11493e-05
1527753157909440406,3.06905,0.000797328,-2.14045,-0.00121612,0.00187125,-0.00209947,-0.00603557,0.0995838,0.0187416,-8.8591e-06,1.98308e-05,3.11493e-05
1527753157942719398,3.06929,0.000826595,-2.14587,0.0011478,-0.000634258,0.00208682,-0.00602827,0.0995889,0.0187037,-8.8591e-06,1.98308e-05,3.11493e-05
1527753157976031414,3.06913,0.00119452,-2.15356,0.00515597,0.00537225,0.0050636,-0.005856,0.0996978,0.0188036,-8.8591e-06,1.98308e-05,3.11493e-05
1527753158009355205,3.06902,0.00167475,-2.1568,0.00649209,0.00671941,0.00384448,-0.00558156,0.0999439,0.0189325,-8.8591e-06,1.98308e-05,3.11493e-05
1527753158042710988,3.06904,0.00152316,-2.16382,0.0046388,0.00480828,0.000308757,-0.00492511,0.100586,0.0191086,-8.8591e-06,1.98308e-05,3.11493e-05
1527753158119735976,3.06907,0.00140237,-2.16399,0.00342782,0.00490566,0.000807976,-0.00486542,0.10061,0.0190994,-8.8591e-06,1.98308e-05,3.11493e-05
1527753158142692355,3.06898,0.00136735,-2.17021,0.00172859,0.00340097,-0.000661763,-0.00488342,0.100664,0.0190154,-8.8591e-06,1.98308e-05,3.11493e-05
1527753158176024700,3.06904,0.00163619,-2.16974,0.00354889,0.00625199,-7.25414e-05,-0.0047683,0.100799,0.0190401,-8.8591e-06,1.98308e-05,3.11493e-05
1527753158209419113,3.06906,0.00129763,-2.16755,0.0023029,0.00292022,0.000255544,-0.0047098,0.100869,0.0190479,-8.8591e-06,1.98308e-05,3.11493e-05
1527753158242724196,3.06905,0.000989141,-2.16998,-5.00847e-05,0.000515471,-0.000389534,-0.00469339,0.100862,0.0190177,-8.8591e-06,1.98308e-05,3.11493e-05
1527753158276085672,3.06896,0.00122976,-2.17094,0.00121366,0.00151069,-0.000434543,-0.00466393,0.100923,0.0190024,-8.8591e-06,1.98308e-05,3.11493e-05
1527753158309461583,3.06899,0.00114132,-2.16985,0.000275215,0.00173298,0.000145302,-0.00463191,0.100971,0.019001,-8.8591e-06,1.98308e-05,3.11493e-05
1527753158342730685,3.0691,0.0010305,-2.16926,0.000399374,0.000565697,0.00104252,-0.0046113,0.100953,0.019024,-8.8591e-06,1.98308e-05,3.11493e-05
1527753158376037675,3.06904,0.00118979,-2.17392,0.000738834,-0.00148739,0.0017545,-0.00455445,0.100907,0.0191531,-8.8591e-06,1.98308e-05,3.11493e-05
1527753158422229731,3.06902,0.0012736,-2.17965,9.42177e-06,0.00361194,0.00064786,-0.00447598,0.101006,0.019082,-8.8591e-06,1.98308e-05,3.11493e-05
1527753158483936801,3.06889,0.00118339,-2.17647,0.00289994,0.00161449,0.000571484,-0.00442669,0.101125,0.01908,-8.8591e-06,1.98308e-05,3.11493e-05
1527753158509456755,3.06916,0.0015926,-2.18562,0.000262656,-0.000347593,0.000616614,-0.00450465,0.101028,0.0190685,-8.8591e-06,1.98308e-05,3.11493e-05
1527753158542692324,3.06871,0.0012679,-2.1768,0.00488248,0.00485988,0.000122376,-0.0043771,0.101238,0.0190312,-8.8591e-06,1.98308e-05,3.11493e-05
1527753158576021502,3.06908,0.0014923,-2.18877,-0.00149341,-0.00366034,0.000241418,-0.00439605,0.101164,0.0190667,-8.8591e-06,1.98308e-05,3.11493e-05
